{"cameraMode":{"drawMode":0,"name":"Shaded","section":"Shading Mode"},"sceneLighting":true,"audioPlay":false,"sceneViewState":{"showFog":true,"showMaterialUpdate":true,"showSkybox":false,"showFlares":true,"showImageEffects":true,"showParticleSystems":true},"in2DMode":false,"pivot":{"x":-0.9300000667572022,"y":0.9800000190734863,"z":-0.6100000143051148},"rotation":{"x":-0.11774539947509766,"y":-0.8822522759437561,"z":0.323358952999115,"w":-0.3212570250034332},"size":2.8578836917877199,"orthographic":false}